organizationId,organizationName,clinicName,mobile,mobileWithCode,email,address.countryId,address.country,address.state,address.city,address.pincode,address.addressLine1,address.addressLine2,address.addressType,isActive,isDeleted,createdAt,updatedAt,__v
69a6ab7f78007284396be982,DummyTestOrg,Test Clinic 1,9669407001,9.19669E+11,test1@codiotic.com,6878f552b7df743e0404717e,India,Madhya Pradesh,Indore,452016,Indore,Dewas,WORK,TRUE,FALSE,2026-03-03T09:56:40.304Z,2026-03-03T09:56:40.304Z,0
69a6ab7f78007284396be982,DummyTestOrg,Test Clinic 2,9669407002,9.19669E+11,test2@codiotic.com,6878f552b7df743e0404717e,India,Madhya Pradesh,Indore,452016,Indore,Dewas,WORK,TRUE,FALSE,2026-03-03T09:56:40.304Z,2026-03-03T09:56:40.304Z,0
69a6ab7f78007284396be982,DummyTestOrg,Test Clinic 3,9669407003,9.19669E+11,test3@codiotic.com,6878f552b7df743e0404717e,India,Madhya Pradesh,Indore,452016,Indore,Dewas,WORK,TRUE,FALSE,2026-03-03T09:56:40.304Z,2026-03-03T09:56:40.304Z,0
69a6ab7f78007284396be982,DummyTestOrg,Test Clinic 4,9669407004,9.19669E+11,test4@codiotic.com,6878f552b7df743e0404717e,India,Madhya Pradesh,Indore,452016,Indore,Dewas,WORK,TRUE,FALSE,2026-03-03T09:56:40.304Z,2026-03-03T09:56:40.304Z,0
69a6ab7f78007284396be982,DummyTestOrg,Test Clinic 5,9669407005,9.19669E+11,test5@codiotic.com,6878f552b7df743e0404717e,India,Madhya Pradesh,Indore,452016,Indore,Dewas,WORK,TRUE,FALSE,2026-03-03T09:56:40.304Z,2026-03-03T09:56:40.304Z,0
69a6ab7f78007284396be982,DummyTestOrg,Test Clinic 6,9669407006,9.19669E+11,test6@codiotic.com,6878f552b7df743e0404717e,India,Madhya Pradesh,Indore,452016,Indore,Dewas,WORK,TRUE,FALSE,2026-03-03T09:56:40.304Z,2026-03-03T09:56:40.304Z,0
69a6ab7f78007284396be982,DummyTestOrg,Test Clinic 7,9669407007,9.19669E+11,test7@codiotic.com,6878f552b7df743e0404717e,India,Madhya Pradesh,Indore,452016,Indore,Dewas,WORK,TRUE,FALSE,2026-03-03T09:56:40.304Z,2026-03-03T09:56:40.304Z,0
69a6ab7f78007284396be982,DummyTestOrg,Test Clinic 8,9669407008,9.19669E+11,test8@codiotic.com,6878f552b7df743e0404717e,India,Madhya Pradesh,Indore,452016,Indore,Dewas,WORK,TRUE,FALSE,2026-03-03T09:56:40.304Z,2026-03-03T09:56:40.304Z,0
69a6ab7f78007284396be982,DummyTestOrg,Test Clinic 9,9669407009,9.19669E+11,test9@codiotic.com,6878f552b7df743e0404717e,India,Madhya Pradesh,Indore,452016,Indore,Dewas,WORK,TRUE,FALSE,2026-03-03T09:56:40.304Z,2026-03-03T09:56:40.304Z,0
69a6ab7f78007284396be982,DummyTestOrg,Test Clinic 10,9669407010,9.19669E+11,test10@codiotic.com,6878f552b7df743e0404717e,India,Madhya Pradesh,Indore,452016,Indore,Dewas,WORK,TRUE,FALSE,2026-03-03T09:56:40.304Z,2026-03-03T09:56:40.304Z,0
69a6ab7f78007284396be982,DummyTestOrg,Test Clinic 11,9669407011,9.19669E+11,test11@codiotic.com,6878f552b7df743e0404717e,India,Madhya Pradesh,Indore,452016,Indore,Dewas,WORK,TRUE,FALSE,2026-03-03T09:56:40.304Z,2026-03-03T09:56:40.304Z,0
69a6ab7f78007284396be982,DummyTestOrg,Test Clinic 12,9669407012,9.19669E+11,test12@codiotic.com,6878f552b7df743e0404717e,India,Madhya Pradesh,Indore,452016,Indore,Dewas,WORK,TRUE,FALSE,2026-03-03T09:56:40.304Z,2026-03-03T09:56:40.304Z,0
69a6ab7f78007284396be982,DummyTestOrg,Test Clinic 13,9669407013,9.19669E+11,test13@codiotic.com,6878f552b7df743e0404717e,India,Madhya Pradesh,Indore,452016,Indore,Dewas,WORK,TRUE,FALSE,2026-03-03T09:56:40.304Z,2026-03-03T09:56:40.304Z,0
69a6ab7f78007284396be982,DummyTestOrg,Test Clinic 14,9669407014,9.19669E+11,test14@codiotic.com,6878f552b7df743e0404717e,India,Madhya Pradesh,Indore,452016,Indore,Dewas,WORK,TRUE,FALSE,2026-03-03T09:56:40.304Z,2026-03-03T09:56:40.304Z,0
69a6ab7f78007284396be982,DummyTestOrg,Test Clinic 15,9669407015,9.19669E+11,test15@codiotic.com,6878f552b7df743e0404717e,India,Madhya Pradesh,Indore,452016,Indore,Dewas,WORK,TRUE,FALSE,2026-03-03T09:56:40.304Z,2026-03-03T09:56:40.304Z,0
69a6ab7f78007284396be982,DummyTestOrg,Test Clinic 16,9669407016,9.19669E+11,test16@codiotic.com,6878f552b7df743e0404717e,India,Madhya Pradesh,Indore,452016,Indore,Dewas,WORK,TRUE,FALSE,2026-03-03T09:56:40.304Z,2026-03-03T09:56:40.304Z,0
69a6ab7f78007284396be982,DummyTestOrg,Test Clinic 17,9669407017,9.19669E+11,test17@codiotic.com,6878f552b7df743e0404717e,India,Madhya Pradesh,Indore,452016,Indore,Dewas,WORK,TRUE,FALSE,2026-03-03T09:56:40.304Z,2026-03-03T09:56:40.304Z,0
69a6ab7f78007284396be982,DummyTestOrg,Test Clinic 18,9669407018,9.19669E+11,test18@codiotic.com,6878f552b7df743e0404717e,India,Madhya Pradesh,Indore,452016,Indore,Dewas,WORK,TRUE,FALSE,2026-03-03T09:56:40.304Z,2026-03-03T09:56:40.304Z,0
69a6ab7f78007284396be982,DummyTestOrg,Test Clinic 19,9669407019,9.19669E+11,test19@codiotic.com,6878f552b7df743e0404717e,India,Madhya Pradesh,Indore,452016,Indore,Dewas,WORK,TRUE,FALSE,2026-03-03T09:56:40.304Z,2026-03-03T09:56:40.304Z,0
69a6ab7f78007284396be982,DummyTestOrg,Test Clinic 20,9669407020,9.19669E+11,test20@codiotic.com,6878f552b7df743e0404717e,India,Madhya Pradesh,Indore,452016,Indore,Dewas,WORK,TRUE,FALSE,2026-03-03T09:56:40.304Z,2026-03-03T09:56:40.304Z,0
69a6ab7f78007284396be982,DummyTestOrg,Test Clinic 21,9669407021,9.19669E+11,test21@codiotic.com,6878f552b7df743e0404717e,India,Madhya Pradesh,Indore,452016,Indore,Dewas,WORK,TRUE,FALSE,2026-03-03T09:56:40.304Z,2026-03-03T09:56:40.304Z,0
69a6ab7f78007284396be982,DummyTestOrg,Test Clinic 22,9669407022,9.19669E+11,test22@codiotic.com,6878f552b7df743e0404717e,India,Madhya Pradesh,Indore,452016,Indore,Dewas,WORK,TRUE,FALSE,2026-03-03T09:56:40.304Z,2026-03-03T09:56:40.304Z,0
69a6ab7f78007284396be982,DummyTestOrg,Test Clinic 23,9669407023,9.19669E+11,test23@codiotic.com,6878f552b7df743e0404717e,India,Madhya Pradesh,Indore,452016,Indore,Dewas,WORK,TRUE,FALSE,2026-03-03T09:56:40.304Z,2026-03-03T09:56:40.304Z,0
69a6ab7f78007284396be982,DummyTestOrg,Test Clinic 24,9669407024,9.19669E+11,test24@codiotic.com,6878f552b7df743e0404717e,India,Madhya Pradesh,Indore,452016,Indore,Dewas,WORK,TRUE,FALSE,2026-03-03T09:56:40.304Z,2026-03-03T09:56:40.304Z,0
69a6ab7f78007284396be982,DummyTestOrg,Test Clinic 25,9669407025,9.19669E+11,test25@codiotic.com,6878f552b7df743e0404717e,India,Madhya Pradesh,Indore,452016,Indore,Dewas,WORK,TRUE,FALSE,2026-03-03T09:56:40.304Z,2026-03-03T09:56:40.304Z,0
69a6ab7f78007284396be982,DummyTestOrg,Test Clinic 26,9669407026,9.19669E+11,test26@codiotic.com,6878f552b7df743e0404717e,India,Madhya Pradesh,Indore,452016,Indore,Dewas,WORK,TRUE,FALSE,2026-03-03T09:56:40.304Z,2026-03-03T09:56:40.304Z,0
69a6ab7f78007284396be982,DummyTestOrg,Test Clinic 27,9669407027,9.19669E+11,test27@codiotic.com,6878f552b7df743e0404717e,India,Madhya Pradesh,Indore,452016,Indore,Dewas,WORK,TRUE,FALSE,2026-03-03T09:56:40.304Z,2026-03-03T09:56:40.304Z,0
69a6ab7f78007284396be982,DummyTestOrg,Test Clinic 28,9669407028,9.19669E+11,test28@codiotic.com,6878f552b7df743e0404717e,India,Madhya Pradesh,Indore,452016,Indore,Dewas,WORK,TRUE,FALSE,2026-03-03T09:56:40.304Z,2026-03-03T09:56:40.304Z,0
69a6ab7f78007284396be982,DummyTestOrg,Test Clinic 29,9669407029,9.19669E+11,test29@codiotic.com,6878f552b7df743e0404717e,India,Madhya Pradesh,Indore,452016,Indore,Dewas,WORK,TRUE,FALSE,2026-03-03T09:56:40.304Z,2026-03-03T09:56:40.304Z,0
69a6ab7f78007284396be982,DummyTestOrg,Test Clinic 30,9669407030,9.19669E+11,test30@codiotic.com,6878f552b7df743e0404717e,India,Madhya Pradesh,Indore,452016,Indore,Dewas,WORK,TRUE,FALSE,2026-03-03T09:56:40.304Z,2026-03-03T09:56:40.304Z,0
69a6ab7f78007284396be982,DummyTestOrg,Test Clinic 31,9669407031,9.19669E+11,test31@codiotic.com,6878f552b7df743e0404717e,India,Madhya Pradesh,Indore,452016,Indore,Dewas,WORK,TRUE,FALSE,2026-03-03T09:56:40.304Z,2026-03-03T09:56:40.304Z,0
69a6ab7f78007284396be982,DummyTestOrg,Test Clinic 32,9669407032,9.19669E+11,test32@codiotic.com,6878f552b7df743e0404717e,India,Madhya Pradesh,Indore,452016,Indore,Dewas,WORK,TRUE,FALSE,2026-03-03T09:56:40.304Z,2026-03-03T09:56:40.304Z,0
69a6ab7f78007284396be982,DummyTestOrg,Test Clinic 33,9669407033,9.19669E+11,test33@codiotic.com,6878f552b7df743e0404717e,India,Madhya Pradesh,Indore,452016,Indore,Dewas,WORK,TRUE,FALSE,2026-03-03T09:56:40.304Z,2026-03-03T09:56:40.304Z,0
69a6ab7f78007284396be982,DummyTestOrg,Test Clinic 34,9669407034,9.19669E+11,test34@codiotic.com,6878f552b7df743e0404717e,India,Madhya Pradesh,Indore,452016,Indore,Dewas,WORK,TRUE,FALSE,2026-03-03T09:56:40.304Z,2026-03-03T09:56:40.304Z,0
69a6ab7f78007284396be982,DummyTestOrg,Test Clinic 35,9669407035,9.19669E+11,test35@codiotic.com,6878f552b7df743e0404717e,India,Madhya Pradesh,Indore,452016,Indore,Dewas,WORK,TRUE,FALSE,2026-03-03T09:56:40.304Z,2026-03-03T09:56:40.304Z,0
69a6ab7f78007284396be982,DummyTestOrg,Test Clinic 36,9669407036,9.19669E+11,test36@codiotic.com,6878f552b7df743e0404717e,India,Madhya Pradesh,Indore,452016,Indore,Dewas,WORK,TRUE,FALSE,2026-03-03T09:56:40.304Z,2026-03-03T09:56:40.304Z,0
69a6ab7f78007284396be982,DummyTestOrg,Test Clinic 37,9669407037,9.19669E+11,test37@codiotic.com,6878f552b7df743e0404717e,India,Madhya Pradesh,Indore,452016,Indore,Dewas,WORK,TRUE,FALSE,2026-03-03T09:56:40.304Z,2026-03-03T09:56:40.304Z,0
69a6ab7f78007284396be982,DummyTestOrg,Test Clinic 38,9669407038,9.19669E+11,test38@codiotic.com,6878f552b7df743e0404717e,India,Madhya Pradesh,Indore,452016,Indore,Dewas,WORK,TRUE,FALSE,2026-03-03T09:56:40.304Z,2026-03-03T09:56:40.304Z,0
69a6ab7f78007284396be982,DummyTestOrg,Test Clinic 39,9669407039,9.19669E+11,test39@codiotic.com,6878f552b7df743e0404717e,India,Madhya Pradesh,Indore,452016,Indore,Dewas,WORK,TRUE,FALSE,2026-03-03T09:56:40.304Z,2026-03-03T09:56:40.304Z,0
69a6ab7f78007284396be982,DummyTestOrg,Test Clinic 40,9669407040,9.19669E+11,test40@codiotic.com,6878f552b7df743e0404717e,India,Madhya Pradesh,Indore,452016,Indore,Dewas,WORK,TRUE,FALSE,2026-03-03T09:56:40.304Z,2026-03-03T09:56:40.304Z,0
69a6ab7f78007284396be982,DummyTestOrg,Test Clinic 41,9669407041,9.19669E+11,test41@codiotic.com,6878f552b7df743e0404717e,India,Madhya Pradesh,Indore,452016,Indore,Dewas,WORK,TRUE,FALSE,2026-03-03T09:56:40.304Z,2026-03-03T09:56:40.304Z,0
69a6ab7f78007284396be982,DummyTestOrg,Test Clinic 42,9669407042,9.19669E+11,test42@codiotic.com,6878f552b7df743e0404717e,India,Madhya Pradesh,Indore,452016,Indore,Dewas,WORK,TRUE,FALSE,2026-03-03T09:56:40.304Z,2026-03-03T09:56:40.304Z,0
69a6ab7f78007284396be982,DummyTestOrg,Test Clinic 43,9669407043,9.19669E+11,test43@codiotic.com,6878f552b7df743e0404717e,India,Madhya Pradesh,Indore,452016,Indore,Dewas,WORK,TRUE,FALSE,2026-03-03T09:56:40.304Z,2026-03-03T09:56:40.304Z,0
69a6ab7f78007284396be982,DummyTestOrg,Test Clinic 44,9669407044,9.19669E+11,test44@codiotic.com,6878f552b7df743e0404717e,India,Madhya Pradesh,Indore,452016,Indore,Dewas,WORK,TRUE,FALSE,2026-03-03T09:56:40.304Z,2026-03-03T09:56:40.304Z,0
69a6ab7f78007284396be982,DummyTestOrg,Test Clinic 45,9669407045,9.19669E+11,test45@codiotic.com,6878f552b7df743e0404717e,India,Madhya Pradesh,Indore,452016,Indore,Dewas,WORK,TRUE,FALSE,2026-03-03T09:56:40.304Z,2026-03-03T09:56:40.304Z,0
69a6ab7f78007284396be982,DummyTestOrg,Test Clinic 46,9669407046,9.19669E+11,test46@codiotic.com,6878f552b7df743e0404717e,India,Madhya Pradesh,Indore,452016,Indore,Dewas,WORK,TRUE,FALSE,2026-03-03T09:56:40.304Z,2026-03-03T09:56:40.304Z,0
69a6ab7f78007284396be982,DummyTestOrg,Test Clinic 47,9669407047,9.19669E+11,test47@codiotic.com,6878f552b7df743e0404717e,India,Madhya Pradesh,Indore,452016,Indore,Dewas,WORK,TRUE,FALSE,2026-03-03T09:56:40.304Z,2026-03-03T09:56:40.304Z,0
69a6ab7f78007284396be982,DummyTestOrg,Test Clinic 48,9669407048,9.19669E+11,test48@codiotic.com,6878f552b7df743e0404717e,India,Madhya Pradesh,Indore,452016,Indore,Dewas,WORK,TRUE,FALSE,2026-03-03T09:56:40.304Z,2026-03-03T09:56:40.304Z,0
69a6ab7f78007284396be982,DummyTestOrg,Test Clinic 49,9669407049,9.19669E+11,test49@codiotic.com,6878f552b7df743e0404717e,India,Madhya Pradesh,Indore,452016,Indore,Dewas,WORK,TRUE,FALSE,2026-03-03T09:56:40.304Z,2026-03-03T09:56:40.304Z,0
69a6ab7f78007284396be982,DummyTestOrg,Test Clinic 50,9669407050,9.19669E+11,test50@codiotic.com,6878f552b7df743e0404717e,India,Madhya Pradesh,Indore,452016,Indore,Dewas,WORK,TRUE,FALSE,2026-03-03T09:56:40.304Z,2026-03-03T09:56:40.304Z,0
69a6ab7f78007284396be982,DummyTestOrg,Test Clinic 51,9669407051,9.19669E+11,test51@codiotic.com,6878f552b7df743e0404717e,India,Madhya Pradesh,Indore,452016,Indore,Dewas,WORK,TRUE,FALSE,2026-03-03T09:56:40.304Z,2026-03-03T09:56:40.304Z,0
69a6ab7f78007284396be982,DummyTestOrg,Test Clinic 52,9669407052,9.19669E+11,test52@codiotic.com,6878f552b7df743e0404717e,India,Madhya Pradesh,Indore,452016,Indore,Dewas,WORK,TRUE,FALSE,2026-03-03T09:56:40.304Z,2026-03-03T09:56:40.304Z,0
69a6ab7f78007284396be982,DummyTestOrg,Test Clinic 53,9669407053,9.19669E+11,test53@codiotic.com,6878f552b7df743e0404717e,India,Madhya Pradesh,Indore,452016,Indore,Dewas,WORK,TRUE,FALSE,2026-03-03T09:56:40.304Z,2026-03-03T09:56:40.304Z,0
69a6ab7f78007284396be982,DummyTestOrg,Test Clinic 54,9669407054,9.19669E+11,test54@codiotic.com,6878f552b7df743e0404717e,India,Madhya Pradesh,Indore,452016,Indore,Dewas,WORK,TRUE,FALSE,2026-03-03T09:56:40.304Z,2026-03-03T09:56:40.304Z,0
69a6ab7f78007284396be982,DummyTestOrg,Test Clinic 55,9669407055,9.19669E+11,test55@codiotic.com,6878f552b7df743e0404717e,India,Madhya Pradesh,Indore,452016,Indore,Dewas,WORK,TRUE,FALSE,2026-03-03T09:56:40.304Z,2026-03-03T09:56:40.304Z,0
69a6ab7f78007284396be982,DummyTestOrg,Test Clinic 56,9669407056,9.19669E+11,test56@codiotic.com,6878f552b7df743e0404717e,India,Madhya Pradesh,Indore,452016,Indore,Dewas,WORK,TRUE,FALSE,2026-03-03T09:56:40.304Z,2026-03-03T09:56:40.304Z,0
69a6ab7f78007284396be982,DummyTestOrg,Test Clinic 57,9669407057,9.19669E+11,test57@codiotic.com,6878f552b7df743e0404717e,India,Madhya Pradesh,Indore,452016,Indore,Dewas,WORK,TRUE,FALSE,2026-03-03T09:56:40.304Z,2026-03-03T09:56:40.304Z,0
69a6ab7f78007284396be982,DummyTestOrg,Test Clinic 58,9669407058,9.19669E+11,test58@codiotic.com,6878f552b7df743e0404717e,India,Madhya Pradesh,Indore,452016,Indore,Dewas,WORK,TRUE,FALSE,2026-03-03T09:56:40.304Z,2026-03-03T09:56:40.304Z,0
69a6ab7f78007284396be982,DummyTestOrg,Test Clinic 59,9669407059,9.19669E+11,test59@codiotic.com,6878f552b7df743e0404717e,India,Madhya Pradesh,Indore,452016,Indore,Dewas,WORK,TRUE,FALSE,2026-03-03T09:56:40.304Z,2026-03-03T09:56:40.304Z,0
69a6ab7f78007284396be982,DummyTestOrg,Test Clinic 60,9669407060,9.19669E+11,test60@codiotic.com,6878f552b7df743e0404717e,India,Madhya Pradesh,Indore,452016,Indore,Dewas,WORK,TRUE,FALSE,2026-03-03T09:56:40.304Z,2026-03-03T09:56:40.304Z,0
69a6ab7f78007284396be982,DummyTestOrg,Test Clinic 61,9669407061,9.19669E+11,test61@codiotic.com,6878f552b7df743e0404717e,India,Madhya Pradesh,Indore,452016,Indore,Dewas,WORK,TRUE,FALSE,2026-03-03T09:56:40.304Z,2026-03-03T09:56:40.304Z,0
69a6ab7f78007284396be982,DummyTestOrg,Test Clinic 62,9669407062,9.19669E+11,test62@codiotic.com,6878f552b7df743e0404717e,India,Madhya Pradesh,Indore,452016,Indore,Dewas,WORK,TRUE,FALSE,2026-03-03T09:56:40.304Z,2026-03-03T09:56:40.304Z,0
69a6ab7f78007284396be982,DummyTestOrg,Test Clinic 63,9669407063,9.19669E+11,test63@codiotic.com,6878f552b7df743e0404717e,India,Madhya Pradesh,Indore,452016,Indore,Dewas,WORK,TRUE,FALSE,2026-03-03T09:56:40.304Z,2026-03-03T09:56:40.304Z,0
69a6ab7f78007284396be982,DummyTestOrg,Test Clinic 64,9669407064,9.19669E+11,test64@codiotic.com,6878f552b7df743e0404717e,India,Madhya Pradesh,Indore,452016,Indore,Dewas,WORK,TRUE,FALSE,2026-03-03T09:56:40.304Z,2026-03-03T09:56:40.304Z,0
69a6ab7f78007284396be982,DummyTestOrg,Test Clinic 65,9669407065,9.19669E+11,test65@codiotic.com,6878f552b7df743e0404717e,India,Madhya Pradesh,Indore,452016,Indore,Dewas,WORK,TRUE,FALSE,2026-03-03T09:56:40.304Z,2026-03-03T09:56:40.304Z,0
69a6ab7f78007284396be982,DummyTestOrg,Test Clinic 66,9669407066,9.19669E+11,test66@codiotic.com,6878f552b7df743e0404717e,India,Madhya Pradesh,Indore,452016,Indore,Dewas,WORK,TRUE,FALSE,2026-03-03T09:56:40.304Z,2026-03-03T09:56:40.304Z,0
69a6ab7f78007284396be982,DummyTestOrg,Test Clinic 67,9669407067,9.19669E+11,test67@codiotic.com,6878f552b7df743e0404717e,India,Madhya Pradesh,Indore,452016,Indore,Dewas,WORK,TRUE,FALSE,2026-03-03T09:56:40.304Z,2026-03-03T09:56:40.304Z,0
69a6ab7f78007284396be982,DummyTestOrg,Test Clinic 68,9669407068,9.19669E+11,test68@codiotic.com,6878f552b7df743e0404717e,India,Madhya Pradesh,Indore,452016,Indore,Dewas,WORK,TRUE,FALSE,2026-03-03T09:56:40.304Z,2026-03-03T09:56:40.304Z,0
69a6ab7f78007284396be982,DummyTestOrg,Test Clinic 69,9669407069,9.19669E+11,test69@codiotic.com,6878f552b7df743e0404717e,India,Madhya Pradesh,Indore,452016,Indore,Dewas,WORK,TRUE,FALSE,2026-03-03T09:56:40.304Z,2026-03-03T09:56:40.304Z,0
69a6ab7f78007284396be982,DummyTestOrg,Test Clinic 70,9669407070,9.19669E+11,test70@codiotic.com,6878f552b7df743e0404717e,India,Madhya Pradesh,Indore,452016,Indore,Dewas,WORK,TRUE,FALSE,2026-03-03T09:56:40.304Z,2026-03-03T09:56:40.304Z,0
69a6ab7f78007284396be982,DummyTestOrg,Test Clinic 71,9669407071,9.19669E+11,test71@codiotic.com,6878f552b7df743e0404717e,India,Madhya Pradesh,Indore,452016,Indore,Dewas,WORK,TRUE,FALSE,2026-03-03T09:56:40.304Z,2026-03-03T09:56:40.304Z,0
69a6ab7f78007284396be982,DummyTestOrg,Test Clinic 72,9669407072,9.19669E+11,test72@codiotic.com,6878f552b7df743e0404717e,India,Madhya Pradesh,Indore,452016,Indore,Dewas,WORK,TRUE,FALSE,2026-03-03T09:56:40.304Z,2026-03-03T09:56:40.304Z,0
69a6ab7f78007284396be982,DummyTestOrg,Test Clinic 73,9669407073,9.19669E+11,test73@codiotic.com,6878f552b7df743e0404717e,India,Madhya Pradesh,Indore,452016,Indore,Dewas,WORK,TRUE,FALSE,2026-03-03T09:56:40.304Z,2026-03-03T09:56:40.304Z,0
69a6ab7f78007284396be982,DummyTestOrg,Test Clinic 74,9669407074,9.19669E+11,test74@codiotic.com,6878f552b7df743e0404717e,India,Madhya Pradesh,Indore,452016,Indore,Dewas,WORK,TRUE,FALSE,2026-03-03T09:56:40.304Z,2026-03-03T09:56:40.304Z,0
69a6ab7f78007284396be982,DummyTestOrg,Test Clinic 75,9669407075,9.19669E+11,test75@codiotic.com,6878f552b7df743e0404717e,India,Madhya Pradesh,Indore,452016,Indore,Dewas,WORK,TRUE,FALSE,2026-03-03T09:56:40.304Z,2026-03-03T09:56:40.304Z,0
69a6ab7f78007284396be982,DummyTestOrg,Test Clinic 76,9669407076,9.19669E+11,test76@codiotic.com,6878f552b7df743e0404717e,India,Madhya Pradesh,Indore,452016,Indore,Dewas,WORK,TRUE,FALSE,2026-03-03T09:56:40.304Z,2026-03-03T09:56:40.304Z,0
69a6ab7f78007284396be982,DummyTestOrg,Test Clinic 77,9669407077,9.19669E+11,test77@codiotic.com,6878f552b7df743e0404717e,India,Madhya Pradesh,Indore,452016,Indore,Dewas,WORK,TRUE,FALSE,2026-03-03T09:56:40.304Z,2026-03-03T09:56:40.304Z,0
69a6ab7f78007284396be982,DummyTestOrg,Test Clinic 78,9669407078,9.19669E+11,test78@codiotic.com,6878f552b7df743e0404717e,India,Madhya Pradesh,Indore,452016,Indore,Dewas,WORK,TRUE,FALSE,2026-03-03T09:56:40.304Z,2026-03-03T09:56:40.304Z,0
69a6ab7f78007284396be982,DummyTestOrg,Test Clinic 79,9669407079,9.19669E+11,test79@codiotic.com,6878f552b7df743e0404717e,India,Madhya Pradesh,Indore,452016,Indore,Dewas,WORK,TRUE,FALSE,2026-03-03T09:56:40.304Z,2026-03-03T09:56:40.304Z,0
69a6ab7f78007284396be982,DummyTestOrg,Test Clinic 80,9669407080,9.19669E+11,test80@codiotic.com,6878f552b7df743e0404717e,India,Madhya Pradesh,Indore,452016,Indore,Dewas,WORK,TRUE,FALSE,2026-03-03T09:56:40.304Z,2026-03-03T09:56:40.304Z,0
69a6ab7f78007284396be982,DummyTestOrg,Test Clinic 81,9669407081,9.19669E+11,test81@codiotic.com,6878f552b7df743e0404717e,India,Madhya Pradesh,Indore,452016,Indore,Dewas,WORK,TRUE,FALSE,2026-03-03T09:56:40.304Z,2026-03-03T09:56:40.304Z,0
69a6ab7f78007284396be982,DummyTestOrg,Test Clinic 82,9669407082,9.19669E+11,test82@codiotic.com,6878f552b7df743e0404717e,India,Madhya Pradesh,Indore,452016,Indore,Dewas,WORK,TRUE,FALSE,2026-03-03T09:56:40.304Z,2026-03-03T09:56:40.304Z,0
69a6ab7f78007284396be982,DummyTestOrg,Test Clinic 83,9669407083,9.19669E+11,test83@codiotic.com,6878f552b7df743e0404717e,India,Madhya Pradesh,Indore,452016,Indore,Dewas,WORK,TRUE,FALSE,2026-03-03T09:56:40.304Z,2026-03-03T09:56:40.304Z,0
69a6ab7f78007284396be982,DummyTestOrg,Test Clinic 84,9669407084,9.19669E+11,test84@codiotic.com,6878f552b7df743e0404717e,India,Madhya Pradesh,Indore,452016,Indore,Dewas,WORK,TRUE,FALSE,2026-03-03T09:56:40.304Z,2026-03-03T09:56:40.304Z,0
69a6ab7f78007284396be982,DummyTestOrg,Test Clinic 85,9669407085,9.19669E+11,test85@codiotic.com,6878f552b7df743e0404717e,India,Madhya Pradesh,Indore,452016,Indore,Dewas,WORK,TRUE,FALSE,2026-03-03T09:56:40.304Z,2026-03-03T09:56:40.304Z,0
69a6ab7f78007284396be982,DummyTestOrg,Test Clinic 86,9669407086,9.19669E+11,test86@codiotic.com,6878f552b7df743e0404717e,India,Madhya Pradesh,Indore,452016,Indore,Dewas,WORK,TRUE,FALSE,2026-03-03T09:56:40.304Z,2026-03-03T09:56:40.304Z,0
69a6ab7f78007284396be982,DummyTestOrg,Test Clinic 87,9669407087,9.19669E+11,test87@codiotic.com,6878f552b7df743e0404717e,India,Madhya Pradesh,Indore,452016,Indore,Dewas,WORK,TRUE,FALSE,2026-03-03T09:56:40.304Z,2026-03-03T09:56:40.304Z,0
69a6ab7f78007284396be982,DummyTestOrg,Test Clinic 88,9669407088,9.19669E+11,test88@codiotic.com,6878f552b7df743e0404717e,India,Madhya Pradesh,Indore,452016,Indore,Dewas,WORK,TRUE,FALSE,2026-03-03T09:56:40.304Z,2026-03-03T09:56:40.304Z,0
69a6ab7f78007284396be982,DummyTestOrg,Test Clinic 89,9669407089,9.19669E+11,test89@codiotic.com,6878f552b7df743e0404717e,India,Madhya Pradesh,Indore,452016,Indore,Dewas,WORK,TRUE,FALSE,2026-03-03T09:56:40.304Z,2026-03-03T09:56:40.304Z,0
69a6ab7f78007284396be982,DummyTestOrg,Test Clinic 90,9669407090,9.19669E+11,test90@codiotic.com,6878f552b7df743e0404717e,India,Madhya Pradesh,Indore,452016,Indore,Dewas,WORK,TRUE,FALSE,2026-03-03T09:56:40.304Z,2026-03-03T09:56:40.304Z,0
69a6ab7f78007284396be982,DummyTestOrg,Test Clinic 91,9669407091,9.19669E+11,test91@codiotic.com,6878f552b7df743e0404717e,India,Madhya Pradesh,Indore,452016,Indore,Dewas,WORK,TRUE,FALSE,2026-03-03T09:56:40.304Z,2026-03-03T09:56:40.304Z,0
69a6ab7f78007284396be982,DummyTestOrg,Test Clinic 92,9669407092,9.19669E+11,test92@codiotic.com,6878f552b7df743e0404717e,India,Madhya Pradesh,Indore,452016,Indore,Dewas,WORK,TRUE,FALSE,2026-03-03T09:56:40.304Z,2026-03-03T09:56:40.304Z,0
69a6ab7f78007284396be982,DummyTestOrg,Test Clinic 93,9669407093,9.19669E+11,test93@codiotic.com,6878f552b7df743e0404717e,India,Madhya Pradesh,Indore,452016,Indore,Dewas,WORK,TRUE,FALSE,2026-03-03T09:56:40.304Z,2026-03-03T09:56:40.304Z,0
69a6ab7f78007284396be982,DummyTestOrg,Test Clinic 94,9669407094,9.19669E+11,test94@codiotic.com,6878f552b7df743e0404717e,India,Madhya Pradesh,Indore,452016,Indore,Dewas,WORK,TRUE,FALSE,2026-03-03T09:56:40.304Z,2026-03-03T09:56:40.304Z,0
69a6ab7f78007284396be982,DummyTestOrg,Test Clinic 95,9669407095,9.19669E+11,test95@codiotic.com,6878f552b7df743e0404717e,India,Madhya Pradesh,Indore,452016,Indore,Dewas,WORK,TRUE,FALSE,2026-03-03T09:56:40.304Z,2026-03-03T09:56:40.304Z,0
69a6ab7f78007284396be982,DummyTestOrg,Test Clinic 96,9669407096,9.19669E+11,test96@codiotic.com,6878f552b7df743e0404717e,India,Madhya Pradesh,Indore,452016,Indore,Dewas,WORK,TRUE,FALSE,2026-03-03T09:56:40.304Z,2026-03-03T09:56:40.304Z,0
69a6ab7f78007284396be982,DummyTestOrg,Test Clinic 97,9669407097,9.19669E+11,test97@codiotic.com,6878f552b7df743e0404717e,India,Madhya Pradesh,Indore,452016,Indore,Dewas,WORK,TRUE,FALSE,2026-03-03T09:56:40.304Z,2026-03-03T09:56:40.304Z,0
69a6ab7f78007284396be982,DummyTestOrg,Test Clinic 98,9669407098,9.19669E+11,test98@codiotic.com,6878f552b7df743e0404717e,India,Madhya Pradesh,Indore,452016,Indore,Dewas,WORK,TRUE,FALSE,2026-03-03T09:56:40.304Z,2026-03-03T09:56:40.304Z,0
69a6ab7f78007284396be982,DummyTestOrg,Test Clinic 99,9669407099,9.19669E+11,test99@codiotic.com,6878f552b7df743e0404717e,India,Madhya Pradesh,Indore,452016,Indore,Dewas,WORK,TRUE,FALSE,2026-03-03T09:56:40.304Z,2026-03-03T09:56:40.304Z,0
69a6ab7f78007284396be982,DummyTestOrg,Test Clinic 100,9669407100,9.19669E+11,test100@codiotic.com,6878f552b7df743e0404717e,India,Madhya Pradesh,Indore,452016,Indore,Dewas,WORK,TRUE,FALSE,2026-03-03T09:56:40.304Z,2026-03-03T09:56:40.304Z,0
69a6ab7f78007284396be982,DummyTestOrg,Test Clinic 101,9669407101,9.19669E+11,test101@codiotic.com,6878f552b7df743e0404717e,India,Madhya Pradesh,Indore,452016,Indore,Dewas,WORK,TRUE,FALSE,2026-03-03T09:56:40.304Z,2026-03-03T09:56:40.304Z,0
69a6ab7f78007284396be982,DummyTestOrg,Test Clinic 102,9669407102,9.19669E+11,test102@codiotic.com,6878f552b7df743e0404717e,India,Madhya Pradesh,Indore,452016,Indore,Dewas,WORK,TRUE,FALSE,2026-03-03T09:56:40.304Z,2026-03-03T09:56:40.304Z,0
69a6ab7f78007284396be982,DummyTestOrg,Test Clinic 103,9669407103,9.19669E+11,test103@codiotic.com,6878f552b7df743e0404717e,India,Madhya Pradesh,Indore,452016,Indore,Dewas,WORK,TRUE,FALSE,2026-03-03T09:56:40.304Z,2026-03-03T09:56:40.304Z,0
69a6ab7f78007284396be982,DummyTestOrg,Test Clinic 104,9669407104,9.19669E+11,test104@codiotic.com,6878f552b7df743e0404717e,India,Madhya Pradesh,Indore,452016,Indore,Dewas,WORK,TRUE,FALSE,2026-03-03T09:56:40.304Z,2026-03-03T09:56:40.304Z,0
69a6ab7f78007284396be982,DummyTestOrg,Test Clinic 105,9669407105,9.19669E+11,test105@codiotic.com,6878f552b7df743e0404717e,India,Madhya Pradesh,Indore,452016,Indore,Dewas,WORK,TRUE,FALSE,2026-03-03T09:56:40.304Z,2026-03-03T09:56:40.304Z,0
69a6ab7f78007284396be982,DummyTestOrg,Test Clinic 106,9669407106,9.19669E+11,test106@codiotic.com,6878f552b7df743e0404717e,India,Madhya Pradesh,Indore,452016,Indore,Dewas,WORK,TRUE,FALSE,2026-03-03T09:56:40.304Z,2026-03-03T09:56:40.304Z,0
69a6ab7f78007284396be982,DummyTestOrg,Test Clinic 107,9669407107,9.19669E+11,test107@codiotic.com,6878f552b7df743e0404717e,India,Madhya Pradesh,Indore,452016,Indore,Dewas,WORK,TRUE,FALSE,2026-03-03T09:56:40.304Z,2026-03-03T09:56:40.304Z,0
69a6ab7f78007284396be982,DummyTestOrg,Test Clinic 108,9669407108,9.19669E+11,test108@codiotic.com,6878f552b7df743e0404717e,India,Madhya Pradesh,Indore,452016,Indore,Dewas,WORK,TRUE,FALSE,2026-03-03T09:56:40.304Z,2026-03-03T09:56:40.304Z,0
69a6ab7f78007284396be982,DummyTestOrg,Test Clinic 109,9669407109,9.19669E+11,test109@codiotic.com,6878f552b7df743e0404717e,India,Madhya Pradesh,Indore,452016,Indore,Dewas,WORK,TRUE,FALSE,2026-03-03T09:56:40.304Z,2026-03-03T09:56:40.304Z,0
69a6ab7f78007284396be982,DummyTestOrg,Test Clinic 110,9669407110,9.19669E+11,test110@codiotic.com,6878f552b7df743e0404717e,India,Madhya Pradesh,Indore,452016,Indore,Dewas,WORK,TRUE,FALSE,2026-03-03T09:56:40.304Z,2026-03-03T09:56:40.304Z,0
69a6ab7f78007284396be982,DummyTestOrg,Test Clinic 111,9669407111,9.19669E+11,test111@codiotic.com,6878f552b7df743e0404717e,India,Madhya Pradesh,Indore,452016,Indore,Dewas,WORK,TRUE,FALSE,2026-03-03T09:56:40.304Z,2026-03-03T09:56:40.304Z,0
69a6ab7f78007284396be982,DummyTestOrg,Test Clinic 112,9669407112,9.19669E+11,test112@codiotic.com,6878f552b7df743e0404717e,India,Madhya Pradesh,Indore,452016,Indore,Dewas,WORK,TRUE,FALSE,2026-03-03T09:56:40.304Z,2026-03-03T09:56:40.304Z,0
69a6ab7f78007284396be982,DummyTestOrg,Test Clinic 113,9669407113,9.19669E+11,test113@codiotic.com,6878f552b7df743e0404717e,India,Madhya Pradesh,Indore,452016,Indore,Dewas,WORK,TRUE,FALSE,2026-03-03T09:56:40.304Z,2026-03-03T09:56:40.304Z,0
69a6ab7f78007284396be982,DummyTestOrg,Test Clinic 114,9669407114,9.19669E+11,test114@codiotic.com,6878f552b7df743e0404717e,India,Madhya Pradesh,Indore,452016,Indore,Dewas,WORK,TRUE,FALSE,2026-03-03T09:56:40.304Z,2026-03-03T09:56:40.304Z,0
69a6ab7f78007284396be982,DummyTestOrg,Test Clinic 115,9669407115,9.19669E+11,test115@codiotic.com,6878f552b7df743e0404717e,India,Madhya Pradesh,Indore,452016,Indore,Dewas,WORK,TRUE,FALSE,2026-03-03T09:56:40.304Z,2026-03-03T09:56:40.304Z,0
69a6ab7f78007284396be982,DummyTestOrg,Test Clinic 116,9669407116,9.19669E+11,test116@codiotic.com,6878f552b7df743e0404717e,India,Madhya Pradesh,Indore,452016,Indore,Dewas,WORK,TRUE,FALSE,2026-03-03T09:56:40.304Z,2026-03-03T09:56:40.304Z,0
69a6ab7f78007284396be982,DummyTestOrg,Test Clinic 117,9669407117,9.19669E+11,test117@codiotic.com,6878f552b7df743e0404717e,India,Madhya Pradesh,Indore,452016,Indore,Dewas,WORK,TRUE,FALSE,2026-03-03T09:56:40.304Z,2026-03-03T09:56:40.304Z,0
69a6ab7f78007284396be982,DummyTestOrg,Test Clinic 118,9669407118,9.19669E+11,test118@codiotic.com,6878f552b7df743e0404717e,India,Madhya Pradesh,Indore,452016,Indore,Dewas,WORK,TRUE,FALSE,2026-03-03T09:56:40.304Z,2026-03-03T09:56:40.304Z,0
69a6ab7f78007284396be982,DummyTestOrg,Test Clinic 119,9669407119,9.19669E+11,test119@codiotic.com,6878f552b7df743e0404717e,India,Madhya Pradesh,Indore,452016,Indore,Dewas,WORK,TRUE,FALSE,2026-03-03T09:56:40.304Z,2026-03-03T09:56:40.304Z,0
69a6ab7f78007284396be982,DummyTestOrg,Test Clinic 120,9669407120,9.19669E+11,test120@codiotic.com,6878f552b7df743e0404717e,India,Madhya Pradesh,Indore,452016,Indore,Dewas,WORK,TRUE,FALSE,2026-03-03T09:56:40.304Z,2026-03-03T09:56:40.304Z,0
69a6ab7f78007284396be982,DummyTestOrg,Test Clinic 121,9669407121,9.19669E+11,test121@codiotic.com,6878f552b7df743e0404717e,India,Madhya Pradesh,Indore,452016,Indore,Dewas,WORK,TRUE,FALSE,2026-03-03T09:56:40.304Z,2026-03-03T09:56:40.304Z,0
69a6ab7f78007284396be982,DummyTestOrg,Test Clinic 122,9669407122,9.19669E+11,test122@codiotic.com,6878f552b7df743e0404717e,India,Madhya Pradesh,Indore,452016,Indore,Dewas,WORK,TRUE,FALSE,2026-03-03T09:56:40.304Z,2026-03-03T09:56:40.304Z,0
69a6ab7f78007284396be982,DummyTestOrg,Test Clinic 123,9669407123,9.19669E+11,test123@codiotic.com,6878f552b7df743e0404717e,India,Madhya Pradesh,Indore,452016,Indore,Dewas,WORK,TRUE,FALSE,2026-03-03T09:56:40.304Z,2026-03-03T09:56:40.304Z,0
69a6ab7f78007284396be982,DummyTestOrg,Test Clinic 124,9669407124,9.19669E+11,test124@codiotic.com,6878f552b7df743e0404717e,India,Madhya Pradesh,Indore,452016,Indore,Dewas,WORK,TRUE,FALSE,2026-03-03T09:56:40.304Z,2026-03-03T09:56:40.304Z,0
69a6ab7f78007284396be982,DummyTestOrg,Test Clinic 125,9669407125,9.19669E+11,test125@codiotic.com,6878f552b7df743e0404717e,India,Madhya Pradesh,Indore,452016,Indore,Dewas,WORK,TRUE,FALSE,2026-03-03T09:56:40.304Z,2026-03-03T09:56:40.304Z,0
69a6ab7f78007284396be982,DummyTestOrg,Test Clinic 126,9669407126,9.19669E+11,test126@codiotic.com,6878f552b7df743e0404717e,India,Madhya Pradesh,Indore,452016,Indore,Dewas,WORK,TRUE,FALSE,2026-03-03T09:56:40.304Z,2026-03-03T09:56:40.304Z,0
69a6ab7f78007284396be982,DummyTestOrg,Test Clinic 127,9669407127,9.19669E+11,test127@codiotic.com,6878f552b7df743e0404717e,India,Madhya Pradesh,Indore,452016,Indore,Dewas,WORK,TRUE,FALSE,2026-03-03T09:56:40.304Z,2026-03-03T09:56:40.304Z,0
69a6ab7f78007284396be982,DummyTestOrg,Test Clinic 128,9669407128,9.19669E+11,test128@codiotic.com,6878f552b7df743e0404717e,India,Madhya Pradesh,Indore,452016,Indore,Dewas,WORK,TRUE,FALSE,2026-03-03T09:56:40.304Z,2026-03-03T09:56:40.304Z,0
69a6ab7f78007284396be982,DummyTestOrg,Test Clinic 129,9669407129,9.19669E+11,test129@codiotic.com,6878f552b7df743e0404717e,India,Madhya Pradesh,Indore,452016,Indore,Dewas,WORK,TRUE,FALSE,2026-03-03T09:56:40.304Z,2026-03-03T09:56:40.304Z,0
69a6ab7f78007284396be982,DummyTestOrg,Test Clinic 130,9669407130,9.19669E+11,test130@codiotic.com,6878f552b7df743e0404717e,India,Madhya Pradesh,Indore,452016,Indore,Dewas,WORK,TRUE,FALSE,2026-03-03T09:56:40.304Z,2026-03-03T09:56:40.304Z,0
69a6ab7f78007284396be982,DummyTestOrg,Test Clinic 131,9669407131,9.19669E+11,test131@codiotic.com,6878f552b7df743e0404717e,India,Madhya Pradesh,Indore,452016,Indore,Dewas,WORK,TRUE,FALSE,2026-03-03T09:56:40.304Z,2026-03-03T09:56:40.304Z,0
69a6ab7f78007284396be982,DummyTestOrg,Test Clinic 132,9669407132,9.19669E+11,test132@codiotic.com,6878f552b7df743e0404717e,India,Madhya Pradesh,Indore,452016,Indore,Dewas,WORK,TRUE,FALSE,2026-03-03T09:56:40.304Z,2026-03-03T09:56:40.304Z,0
69a6ab7f78007284396be982,DummyTestOrg,Test Clinic 133,9669407133,9.19669E+11,test133@codiotic.com,6878f552b7df743e0404717e,India,Madhya Pradesh,Indore,452016,Indore,Dewas,WORK,TRUE,FALSE,2026-03-03T09:56:40.304Z,2026-03-03T09:56:40.304Z,0
69a6ab7f78007284396be982,DummyTestOrg,Test Clinic 134,9669407134,9.19669E+11,test134@codiotic.com,6878f552b7df743e0404717e,India,Madhya Pradesh,Indore,452016,Indore,Dewas,WORK,TRUE,FALSE,2026-03-03T09:56:40.304Z,2026-03-03T09:56:40.304Z,0
69a6ab7f78007284396be982,DummyTestOrg,Test Clinic 135,9669407135,9.19669E+11,test135@codiotic.com,6878f552b7df743e0404717e,India,Madhya Pradesh,Indore,452016,Indore,Dewas,WORK,TRUE,FALSE,2026-03-03T09:56:40.304Z,2026-03-03T09:56:40.304Z,0
69a6ab7f78007284396be982,DummyTestOrg,Test Clinic 136,9669407136,9.19669E+11,test136@codiotic.com,6878f552b7df743e0404717e,India,Madhya Pradesh,Indore,452016,Indore,Dewas,WORK,TRUE,FALSE,2026-03-03T09:56:40.304Z,2026-03-03T09:56:40.304Z,0
69a6ab7f78007284396be982,DummyTestOrg,Test Clinic 137,9669407137,9.19669E+11,test137@codiotic.com,6878f552b7df743e0404717e,India,Madhya Pradesh,Indore,452016,Indore,Dewas,WORK,TRUE,FALSE,2026-03-03T09:56:40.304Z,2026-03-03T09:56:40.304Z,0
69a6ab7f78007284396be982,DummyTestOrg,Test Clinic 138,9669407138,9.19669E+11,test138@codiotic.com,6878f552b7df743e0404717e,India,Madhya Pradesh,Indore,452016,Indore,Dewas,WORK,TRUE,FALSE,2026-03-03T09:56:40.304Z,2026-03-03T09:56:40.304Z,0
69a6ab7f78007284396be982,DummyTestOrg,Test Clinic 139,9669407139,9.19669E+11,test139@codiotic.com,6878f552b7df743e0404717e,India,Madhya Pradesh,Indore,452016,Indore,Dewas,WORK,TRUE,FALSE,2026-03-03T09:56:40.304Z,2026-03-03T09:56:40.304Z,0
69a6ab7f78007284396be982,DummyTestOrg,Test Clinic 140,9669407140,9.19669E+11,test140@codiotic.com,6878f552b7df743e0404717e,India,Madhya Pradesh,Indore,452016,Indore,Dewas,WORK,TRUE,FALSE,2026-03-03T09:56:40.304Z,2026-03-03T09:56:40.304Z,0
69a6ab7f78007284396be982,DummyTestOrg,Test Clinic 141,9669407141,9.19669E+11,test141@codiotic.com,6878f552b7df743e0404717e,India,Madhya Pradesh,Indore,452016,Indore,Dewas,WORK,TRUE,FALSE,2026-03-03T09:56:40.304Z,2026-03-03T09:56:40.304Z,0
69a6ab7f78007284396be982,DummyTestOrg,Test Clinic 142,9669407142,9.19669E+11,test142@codiotic.com,6878f552b7df743e0404717e,India,Madhya Pradesh,Indore,452016,Indore,Dewas,WORK,TRUE,FALSE,2026-03-03T09:56:40.304Z,2026-03-03T09:56:40.304Z,0
69a6ab7f78007284396be982,DummyTestOrg,Test Clinic 143,9669407143,9.19669E+11,test143@codiotic.com,6878f552b7df743e0404717e,India,Madhya Pradesh,Indore,452016,Indore,Dewas,WORK,TRUE,FALSE,2026-03-03T09:56:40.304Z,2026-03-03T09:56:40.304Z,0
69a6ab7f78007284396be982,DummyTestOrg,Test Clinic 144,9669407144,9.19669E+11,test144@codiotic.com,6878f552b7df743e0404717e,India,Madhya Pradesh,Indore,452016,Indore,Dewas,WORK,TRUE,FALSE,2026-03-03T09:56:40.304Z,2026-03-03T09:56:40.304Z,0
69a6ab7f78007284396be982,DummyTestOrg,Test Clinic 145,9669407145,9.19669E+11,test145@codiotic.com,6878f552b7df743e0404717e,India,Madhya Pradesh,Indore,452016,Indore,Dewas,WORK,TRUE,FALSE,2026-03-03T09:56:40.304Z,2026-03-03T09:56:40.304Z,0
69a6ab7f78007284396be982,DummyTestOrg,Test Clinic 146,9669407146,9.19669E+11,test146@codiotic.com,6878f552b7df743e0404717e,India,Madhya Pradesh,Indore,452016,Indore,Dewas,WORK,TRUE,FALSE,2026-03-03T09:56:40.304Z,2026-03-03T09:56:40.304Z,0
69a6ab7f78007284396be982,DummyTestOrg,Test Clinic 147,9669407147,9.19669E+11,test147@codiotic.com,6878f552b7df743e0404717e,India,Madhya Pradesh,Indore,452016,Indore,Dewas,WORK,TRUE,FALSE,2026-03-03T09:56:40.304Z,2026-03-03T09:56:40.304Z,0
69a6ab7f78007284396be982,DummyTestOrg,Test Clinic 148,9669407148,9.19669E+11,test148@codiotic.com,6878f552b7df743e0404717e,India,Madhya Pradesh,Indore,452016,Indore,Dewas,WORK,TRUE,FALSE,2026-03-03T09:56:40.304Z,2026-03-03T09:56:40.304Z,0
69a6ab7f78007284396be982,DummyTestOrg,Test Clinic 149,9669407149,9.19669E+11,test149@codiotic.com,6878f552b7df743e0404717e,India,Madhya Pradesh,Indore,452016,Indore,Dewas,WORK,TRUE,FALSE,2026-03-03T09:56:40.304Z,2026-03-03T09:56:40.304Z,0
69a6ab7f78007284396be982,DummyTestOrg,Test Clinic 150,9669407150,9.19669E+11,test150@codiotic.com,6878f552b7df743e0404717e,India,Madhya Pradesh,Indore,452016,Indore,Dewas,WORK,TRUE,FALSE,2026-03-03T09:56:40.304Z,2026-03-03T09:56:40.304Z,0
69a6ab7f78007284396be982,DummyTestOrg,Test Clinic 151,9669407151,9.19669E+11,test151@codiotic.com,6878f552b7df743e0404717e,India,Madhya Pradesh,Indore,452016,Indore,Dewas,WORK,TRUE,FALSE,2026-03-03T09:56:40.304Z,2026-03-03T09:56:40.304Z,0
69a6ab7f78007284396be982,DummyTestOrg,Test Clinic 152,9669407152,9.19669E+11,test152@codiotic.com,6878f552b7df743e0404717e,India,Madhya Pradesh,Indore,452016,Indore,Dewas,WORK,TRUE,FALSE,2026-03-03T09:56:40.304Z,2026-03-03T09:56:40.304Z,0
69a6ab7f78007284396be982,DummyTestOrg,Test Clinic 153,9669407153,9.19669E+11,test153@codiotic.com,6878f552b7df743e0404717e,India,Madhya Pradesh,Indore,452016,Indore,Dewas,WORK,TRUE,FALSE,2026-03-03T09:56:40.304Z,2026-03-03T09:56:40.304Z,0
69a6ab7f78007284396be982,DummyTestOrg,Test Clinic 154,9669407154,9.19669E+11,test154@codiotic.com,6878f552b7df743e0404717e,India,Madhya Pradesh,Indore,452016,Indore,Dewas,WORK,TRUE,FALSE,2026-03-03T09:56:40.304Z,2026-03-03T09:56:40.304Z,0
69a6ab7f78007284396be982,DummyTestOrg,Test Clinic 155,9669407155,9.19669E+11,test155@codiotic.com,6878f552b7df743e0404717e,India,Madhya Pradesh,Indore,452016,Indore,Dewas,WORK,TRUE,FALSE,2026-03-03T09:56:40.304Z,2026-03-03T09:56:40.304Z,0
69a6ab7f78007284396be982,DummyTestOrg,Test Clinic 156,9669407156,9.19669E+11,test156@codiotic.com,6878f552b7df743e0404717e,India,Madhya Pradesh,Indore,452016,Indore,Dewas,WORK,TRUE,FALSE,2026-03-03T09:56:40.304Z,2026-03-03T09:56:40.304Z,0
69a6ab7f78007284396be982,DummyTestOrg,Test Clinic 157,9669407157,9.19669E+11,test157@codiotic.com,6878f552b7df743e0404717e,India,Madhya Pradesh,Indore,452016,Indore,Dewas,WORK,TRUE,FALSE,2026-03-03T09:56:40.304Z,2026-03-03T09:56:40.304Z,0
69a6ab7f78007284396be982,DummyTestOrg,Test Clinic 158,9669407158,9.19669E+11,test158@codiotic.com,6878f552b7df743e0404717e,India,Madhya Pradesh,Indore,452016,Indore,Dewas,WORK,TRUE,FALSE,2026-03-03T09:56:40.304Z,2026-03-03T09:56:40.304Z,0
69a6ab7f78007284396be982,DummyTestOrg,Test Clinic 159,9669407159,9.19669E+11,test159@codiotic.com,6878f552b7df743e0404717e,India,Madhya Pradesh,Indore,452016,Indore,Dewas,WORK,TRUE,FALSE,2026-03-03T09:56:40.304Z,2026-03-03T09:56:40.304Z,0
69a6ab7f78007284396be982,DummyTestOrg,Test Clinic 160,9669407160,9.19669E+11,test160@codiotic.com,6878f552b7df743e0404717e,India,Madhya Pradesh,Indore,452016,Indore,Dewas,WORK,TRUE,FALSE,2026-03-03T09:56:40.304Z,2026-03-03T09:56:40.304Z,0
69a6ab7f78007284396be982,DummyTestOrg,Test Clinic 161,9669407161,9.19669E+11,test161@codiotic.com,6878f552b7df743e0404717e,India,Madhya Pradesh,Indore,452016,Indore,Dewas,WORK,TRUE,FALSE,2026-03-03T09:56:40.304Z,2026-03-03T09:56:40.304Z,0
69a6ab7f78007284396be982,DummyTestOrg,Test Clinic 162,9669407162,9.19669E+11,test162@codiotic.com,6878f552b7df743e0404717e,India,Madhya Pradesh,Indore,452016,Indore,Dewas,WORK,TRUE,FALSE,2026-03-03T09:56:40.304Z,2026-03-03T09:56:40.304Z,0
69a6ab7f78007284396be982,DummyTestOrg,Test Clinic 163,9669407163,9.19669E+11,test163@codiotic.com,6878f552b7df743e0404717e,India,Madhya Pradesh,Indore,452016,Indore,Dewas,WORK,TRUE,FALSE,2026-03-03T09:56:40.304Z,2026-03-03T09:56:40.304Z,0
69a6ab7f78007284396be982,DummyTestOrg,Test Clinic 164,9669407164,9.19669E+11,test164@codiotic.com,6878f552b7df743e0404717e,India,Madhya Pradesh,Indore,452016,Indore,Dewas,WORK,TRUE,FALSE,2026-03-03T09:56:40.304Z,2026-03-03T09:56:40.304Z,0
69a6ab7f78007284396be982,DummyTestOrg,Test Clinic 165,9669407165,9.19669E+11,test165@codiotic.com,6878f552b7df743e0404717e,India,Madhya Pradesh,Indore,452016,Indore,Dewas,WORK,TRUE,FALSE,2026-03-03T09:56:40.304Z,2026-03-03T09:56:40.304Z,0
69a6ab7f78007284396be982,DummyTestOrg,Test Clinic 166,9669407166,9.19669E+11,test166@codiotic.com,6878f552b7df743e0404717e,India,Madhya Pradesh,Indore,452016,Indore,Dewas,WORK,TRUE,FALSE,2026-03-03T09:56:40.304Z,2026-03-03T09:56:40.304Z,0
69a6ab7f78007284396be982,DummyTestOrg,Test Clinic 167,9669407167,9.19669E+11,test167@codiotic.com,6878f552b7df743e0404717e,India,Madhya Pradesh,Indore,452016,Indore,Dewas,WORK,TRUE,FALSE,2026-03-03T09:56:40.304Z,2026-03-03T09:56:40.304Z,0
69a6ab7f78007284396be982,DummyTestOrg,Test Clinic 168,9669407168,9.19669E+11,test168@codiotic.com,6878f552b7df743e0404717e,India,Madhya Pradesh,Indore,452016,Indore,Dewas,WORK,TRUE,FALSE,2026-03-03T09:56:40.304Z,2026-03-03T09:56:40.304Z,0
69a6ab7f78007284396be982,DummyTestOrg,Test Clinic 169,9669407169,9.19669E+11,test169@codiotic.com,6878f552b7df743e0404717e,India,Madhya Pradesh,Indore,452016,Indore,Dewas,WORK,TRUE,FALSE,2026-03-03T09:56:40.304Z,2026-03-03T09:56:40.304Z,0
69a6ab7f78007284396be982,DummyTestOrg,Test Clinic 170,9669407170,9.19669E+11,test170@codiotic.com,6878f552b7df743e0404717e,India,Madhya Pradesh,Indore,452016,Indore,Dewas,WORK,TRUE,FALSE,2026-03-03T09:56:40.304Z,2026-03-03T09:56:40.304Z,0
69a6ab7f78007284396be982,DummyTestOrg,Test Clinic 171,9669407171,9.19669E+11,test171@codiotic.com,6878f552b7df743e0404717e,India,Madhya Pradesh,Indore,452016,Indore,Dewas,WORK,TRUE,FALSE,2026-03-03T09:56:40.304Z,2026-03-03T09:56:40.304Z,0
69a6ab7f78007284396be982,DummyTestOrg,Test Clinic 172,9669407172,9.19669E+11,test172@codiotic.com,6878f552b7df743e0404717e,India,Madhya Pradesh,Indore,452016,Indore,Dewas,WORK,TRUE,FALSE,2026-03-03T09:56:40.304Z,2026-03-03T09:56:40.304Z,0
69a6ab7f78007284396be982,DummyTestOrg,Test Clinic 173,9669407173,9.19669E+11,test173@codiotic.com,6878f552b7df743e0404717e,India,Madhya Pradesh,Indore,452016,Indore,Dewas,WORK,TRUE,FALSE,2026-03-03T09:56:40.304Z,2026-03-03T09:56:40.304Z,0
69a6ab7f78007284396be982,DummyTestOrg,Test Clinic 174,9669407174,9.19669E+11,test174@codiotic.com,6878f552b7df743e0404717e,India,Madhya Pradesh,Indore,452016,Indore,Dewas,WORK,TRUE,FALSE,2026-03-03T09:56:40.304Z,2026-03-03T09:56:40.304Z,0
69a6ab7f78007284396be982,DummyTestOrg,Test Clinic 175,9669407175,9.19669E+11,test175@codiotic.com,6878f552b7df743e0404717e,India,Madhya Pradesh,Indore,452016,Indore,Dewas,WORK,TRUE,FALSE,2026-03-03T09:56:40.304Z,2026-03-03T09:56:40.304Z,0
69a6ab7f78007284396be982,DummyTestOrg,Test Clinic 176,9669407176,9.19669E+11,test176@codiotic.com,6878f552b7df743e0404717e,India,Madhya Pradesh,Indore,452016,Indore,Dewas,WORK,TRUE,FALSE,2026-03-03T09:56:40.304Z,2026-03-03T09:56:40.304Z,0
69a6ab7f78007284396be982,DummyTestOrg,Test Clinic 177,9669407177,9.19669E+11,test177@codiotic.com,6878f552b7df743e0404717e,India,Madhya Pradesh,Indore,452016,Indore,Dewas,WORK,TRUE,FALSE,2026-03-03T09:56:40.304Z,2026-03-03T09:56:40.304Z,0
69a6ab7f78007284396be982,DummyTestOrg,Test Clinic 178,9669407178,9.19669E+11,test178@codiotic.com,6878f552b7df743e0404717e,India,Madhya Pradesh,Indore,452016,Indore,Dewas,WORK,TRUE,FALSE,2026-03-03T09:56:40.304Z,2026-03-03T09:56:40.304Z,0
69a6ab7f78007284396be982,DummyTestOrg,Test Clinic 179,9669407179,9.19669E+11,test179@codiotic.com,6878f552b7df743e0404717e,India,Madhya Pradesh,Indore,452016,Indore,Dewas,WORK,TRUE,FALSE,2026-03-03T09:56:40.304Z,2026-03-03T09:56:40.304Z,0
69a6ab7f78007284396be982,DummyTestOrg,Test Clinic 180,9669407180,9.19669E+11,test180@codiotic.com,6878f552b7df743e0404717e,India,Madhya Pradesh,Indore,452016,Indore,Dewas,WORK,TRUE,FALSE,2026-03-03T09:56:40.304Z,2026-03-03T09:56:40.304Z,0
69a6ab7f78007284396be982,DummyTestOrg,Test Clinic 181,9669407181,9.19669E+11,test181@codiotic.com,6878f552b7df743e0404717e,India,Madhya Pradesh,Indore,452016,Indore,Dewas,WORK,TRUE,FALSE,2026-03-03T09:56:40.304Z,2026-03-03T09:56:40.304Z,0
69a6ab7f78007284396be982,DummyTestOrg,Test Clinic 182,9669407182,9.19669E+11,test182@codiotic.com,6878f552b7df743e0404717e,India,Madhya Pradesh,Indore,452016,Indore,Dewas,WORK,TRUE,FALSE,2026-03-03T09:56:40.304Z,2026-03-03T09:56:40.304Z,0
69a6ab7f78007284396be982,DummyTestOrg,Test Clinic 183,9669407183,9.19669E+11,test183@codiotic.com,6878f552b7df743e0404717e,India,Madhya Pradesh,Indore,452016,Indore,Dewas,WORK,TRUE,FALSE,2026-03-03T09:56:40.304Z,2026-03-03T09:56:40.304Z,0
69a6ab7f78007284396be982,DummyTestOrg,Test Clinic 184,9669407184,9.19669E+11,test184@codiotic.com,6878f552b7df743e0404717e,India,Madhya Pradesh,Indore,452016,Indore,Dewas,WORK,TRUE,FALSE,2026-03-03T09:56:40.304Z,2026-03-03T09:56:40.304Z,0
69a6ab7f78007284396be982,DummyTestOrg,Test Clinic 185,9669407185,9.19669E+11,test185@codiotic.com,6878f552b7df743e0404717e,India,Madhya Pradesh,Indore,452016,Indore,Dewas,WORK,TRUE,FALSE,2026-03-03T09:56:40.304Z,2026-03-03T09:56:40.304Z,0
69a6ab7f78007284396be982,DummyTestOrg,Test Clinic 186,9669407186,9.19669E+11,test186@codiotic.com,6878f552b7df743e0404717e,India,Madhya Pradesh,Indore,452016,Indore,Dewas,WORK,TRUE,FALSE,2026-03-03T09:56:40.304Z,2026-03-03T09:56:40.304Z,0
69a6ab7f78007284396be982,DummyTestOrg,Test Clinic 187,9669407187,9.19669E+11,test187@codiotic.com,6878f552b7df743e0404717e,India,Madhya Pradesh,Indore,452016,Indore,Dewas,WORK,TRUE,FALSE,2026-03-03T09:56:40.304Z,2026-03-03T09:56:40.304Z,0
69a6ab7f78007284396be982,DummyTestOrg,Test Clinic 188,9669407188,9.19669E+11,test188@codiotic.com,6878f552b7df743e0404717e,India,Madhya Pradesh,Indore,452016,Indore,Dewas,WORK,TRUE,FALSE,2026-03-03T09:56:40.304Z,2026-03-03T09:56:40.304Z,0
69a6ab7f78007284396be982,DummyTestOrg,Test Clinic 189,9669407189,9.19669E+11,test189@codiotic.com,6878f552b7df743e0404717e,India,Madhya Pradesh,Indore,452016,Indore,Dewas,WORK,TRUE,FALSE,2026-03-03T09:56:40.304Z,2026-03-03T09:56:40.304Z,0
69a6ab7f78007284396be982,DummyTestOrg,Test Clinic 190,9669407190,9.19669E+11,test190@codiotic.com,6878f552b7df743e0404717e,India,Madhya Pradesh,Indore,452016,Indore,Dewas,WORK,TRUE,FALSE,2026-03-03T09:56:40.304Z,2026-03-03T09:56:40.304Z,0
69a6ab7f78007284396be982,DummyTestOrg,Test Clinic 191,9669407191,9.19669E+11,test191@codiotic.com,6878f552b7df743e0404717e,India,Madhya Pradesh,Indore,452016,Indore,Dewas,WORK,TRUE,FALSE,2026-03-03T09:56:40.304Z,2026-03-03T09:56:40.304Z,0
69a6ab7f78007284396be982,DummyTestOrg,Test Clinic 192,9669407192,9.19669E+11,test192@codiotic.com,6878f552b7df743e0404717e,India,Madhya Pradesh,Indore,452016,Indore,Dewas,WORK,TRUE,FALSE,2026-03-03T09:56:40.304Z,2026-03-03T09:56:40.304Z,0
69a6ab7f78007284396be982,DummyTestOrg,Test Clinic 193,9669407193,9.19669E+11,test193@codiotic.com,6878f552b7df743e0404717e,India,Madhya Pradesh,Indore,452016,Indore,Dewas,WORK,TRUE,FALSE,2026-03-03T09:56:40.304Z,2026-03-03T09:56:40.304Z,0
69a6ab7f78007284396be982,DummyTestOrg,Test Clinic 194,9669407194,9.19669E+11,test194@codiotic.com,6878f552b7df743e0404717e,India,Madhya Pradesh,Indore,452016,Indore,Dewas,WORK,TRUE,FALSE,2026-03-03T09:56:40.304Z,2026-03-03T09:56:40.304Z,0
69a6ab7f78007284396be982,DummyTestOrg,Test Clinic 195,9669407195,9.19669E+11,test195@codiotic.com,6878f552b7df743e0404717e,India,Madhya Pradesh,Indore,452016,Indore,Dewas,WORK,TRUE,FALSE,2026-03-03T09:56:40.304Z,2026-03-03T09:56:40.304Z,0
69a6ab7f78007284396be982,DummyTestOrg,Test Clinic 196,9669407196,9.19669E+11,test196@codiotic.com,6878f552b7df743e0404717e,India,Madhya Pradesh,Indore,452016,Indore,Dewas,WORK,TRUE,FALSE,2026-03-03T09:56:40.304Z,2026-03-03T09:56:40.304Z,0
69a6ab7f78007284396be982,DummyTestOrg,Test Clinic 197,9669407197,9.19669E+11,test197@codiotic.com,6878f552b7df743e0404717e,India,Madhya Pradesh,Indore,452016,Indore,Dewas,WORK,TRUE,FALSE,2026-03-03T09:56:40.304Z,2026-03-03T09:56:40.304Z,0
69a6ab7f78007284396be982,DummyTestOrg,Test Clinic 198,9669407198,9.19669E+11,test198@codiotic.com,6878f552b7df743e0404717e,India,Madhya Pradesh,Indore,452016,Indore,Dewas,WORK,TRUE,FALSE,2026-03-03T09:56:40.304Z,2026-03-03T09:56:40.304Z,0
69a6ab7f78007284396be982,DummyTestOrg,Test Clinic 199,9669407199,9.19669E+11,test199@codiotic.com,6878f552b7df743e0404717e,India,Madhya Pradesh,Indore,452016,Indore,Dewas,WORK,TRUE,FALSE,2026-03-03T09:56:40.304Z,2026-03-03T09:56:40.304Z,0
69a6ab7f78007284396be982,DummyTestOrg,Test Clinic 200,9669407200,9.19669E+11,test200@codiotic.com,6878f552b7df743e0404717e,India,Madhya Pradesh,Indore,452016,Indore,Dewas,WORK,TRUE,FALSE,2026-03-03T09:56:40.304Z,2026-03-03T09:56:40.304Z,0
